Metric,Value
R2,0.4267134069671489
RMSE,2.5349744017367444
MAE,2.1012146212824234
