,M1,M2,M3,M4,M5,M6,Overall success,AUROC,AUPRC,Accuracy,F1,R2,RMSE,MAE
Pass rate (%),51.459999999999994,39.96,89.53999999999999,86.66,96.88,89.02,31.66,,,,,,,
Value,,,,,,,,0.9996008090270385,0.9992123722671913,0.9944,0.9910828025477707,0.4267134069671489,2.5349744017367444,2.1012146212824234
