Milestone,Pass rate (%)
M1,51.459999999999994
M2,39.96
M3,89.53999999999999
M4,86.66
M5,96.88
M6,89.02
Overall success,31.66
