Metric,Value
AUROC,0.9996008090270385
AUPRC,0.9992123722671913
Accuracy,0.9944
F1,0.9910828025477707
